id;lat;lng;price;gross size;rooms;type;planta;Region
29563517;40.1851186;-4.034681;1100;2.4;0;premise;0.0;Castilla-La Mancha
29402498;40.1838186;-4.034681;1100;2.4;0;premise;0.0;Castilla-La Mancha
27823136;43.54178;-5.66552;11200;4.0;0;office;0.0;Asturias
28391943;39.5028511;-0.4409304;2400;4.0;0;premise;1.0;Valencia
28705988;39.487308;-0.393113;2500;4.0;0;premise;1.0;Valencia
27823147;43.54178;-5.66552;13400;5.0;0;office;0.0;Asturias
28548283;39.9854344;-0.0461296;2500;5.0;0;premise;1.0;Valencia
27823146;43.54178;-5.66552;15100;6.0;0;office;0.0;Asturias
27823145;43.54178;-5.66552;15100;6.0;0;office;0.0;Asturias
29036476;43.1456616;-2.9649239;7500;6.0;0;premise;2.0;Pais Vasco
29568962;41.3827778;2.1865421;5000;6.0;0;premise;1.0;Cataluña
29205235;41.6436512;-0.8899597;6500;6.0;0;premise;1.0;Aragon
28065949;40.9719768;-5.673285;33000;7.0;0;premise;2.0;Castilla-Leon
27668794;43.4631646;-3.8095977;12800;8.0;0;premise;2.0;Cantabria
29650639;42.3508008;-3.6621853;10000;10.0;0;premise;2.0;Castilla-Leon
29302692;39.651549;2.7747737;140000;10.0;0;countryHouse;0.0;Baleares
29776011;40.9693279;-5.6713067;8500;10.0;0;premise;2.0;Castilla-Leon
28670454;37.2985302;-4.8719748;2500;10.0;0;premise;3.0;Andalucia
28670453;37.2954302;-4.8716748;2500;10.0;0;premise;3.0;Andalucia
29467297;41.637141;-0.8760888;13000;10.0;0;premise;2.0;Aragon
29648751;40.3164511;-3.7165455;11000;10.0;0;premise;2.0;Madrid
29944969;43.2581917;-2.9236892;50000;10.0;0;premise;2.0;Pais Vasco
27377219;40.4474666;-3.7040244;55000;10.0;0;premise;2.0;Madrid
29834156;41.6394894;-0.8782188;15900;10.0;0;premise;1.0;Aragon
25941501;43.2621917;-2.9227892;50000;10.0;0;premise;2.0;Pais Vasco
25098347;43.2746451;-2.9456474;60100;10.0;0;premise;2.0;Pais Vasco
27296699;43.3974426;-3.4487604;5500;10.0;0;premise;6.0;Cantabria
28839875;38.8755864;-6.958307;8000;10.8;0;premise;2.0;Extremadura
27823144;43.54178;-5.66552;31200;11.0;0;office;0.0;Asturias
2310179;43.2376871;-2.8948379;35417;11.0;0;premise;2.0;Pais Vasco
27224501;43.4210531;-2.7213783;21200;11.0;0;premise;0.0;
29035186;41.9193105;3.1572018;12000;11.0;0;premise;2.0;Cataluña
28322980;41.6447531;-0.8816105;3500;11.0;0;premise;2.0;Aragon
26000471;36.7582851;-2.6109308;8300;11.0;0;premise;2.0;Andalucia
28303892;41.6329202;-4.7356528;10600;11.0;0;premise;3.0;Castilla-Leon
28116290;37.9426674;-4.4980687;2000;11.0;0;premise;2.0;Andalucia
29672101;43.3244907;-1.9847678;25000;11.0;0;premise;1.0;
28258925;41.4135844;2.1619353;35000;11.0;0;premise;2.0;Cataluña
29283215;43.3150358;-1.983675;6500;11.0;0;premise;1.0;Pais Vasco
29587391;39.475229;-0.3539361;30000;11.0;0;premise;2.0;Valencia
29640660;40.4228774;-3.6508568;16000;12.0;0;premise;0.0;Madrid
27823141;43.54178;-5.66552;33900;12.0;0;office;0.0;Asturias
27823143;43.54178;-5.66552;33300;12.0;0;office;0.0;Asturias
27823142;43.54178;-5.66552;33500;12.0;0;office;0.0;Asturias
27224899;37.8909605;-4.7908407;11000;12.0;0;premise;2.0;Andalucia
29548806;42.538354;1.582445;9000;12.0;0;premise;0.0;
29548829;42.538354;1.583845;9000;12.0;0;premise;0.0;
27175933;41.4392248;2.2266199;17320;12.0;0;premise;2.0;Cataluña
29802258;41.3010723;1.9987689;2000;12.0;0;premise;5.0;Cataluña
27175672;41.5762811;1.6205596;31960;12.0;0;premise;2.0;Cataluña
27267010;37.8889605;-4.7917407;11000;12.0;0;premise;2.0;Andalucia
28303884;41.6369202;-4.7377528;11600;12.0;0;premise;3.0;Castilla-Leon
28303887;41.6335202;-4.7392528;11600;12.0;0;premise;3.0;Castilla-Leon
28303891;41.6329202;-4.7366528;11600;12.0;0;premise;3.0;Castilla-Leon
28303894;41.6341202;-4.7392528;11600;12.0;0;premise;3.0;Castilla-Leon
28303897;41.6337202;-4.7392528;11600;12.0;0;premise;3.0;Castilla-Leon
28303883;41.6339202;-4.7392528;11600;12.0;0;premise;3.0;Castilla-Leon
28303878;41.6329202;-4.7375528;11600;12.0;0;premise;3.0;Castilla-Leon
28303885;41.6329202;-4.7388528;11600;12.0;0;premise;3.0;Castilla-Leon
28303888;41.6350202;-4.7392528;11600;12.0;0;premise;3.0;Castilla-Leon
29725125;43.2535183;-3.0999818;20000;12.0;0;premise;2.0;Pais Vasco
28880379;43.4639723;-3.7892693;10500;12.0;0;premise;1.0;Cantabria
28471268;40.4135605;-3.7001807;31000;12.0;0;flat;7.0;Madrid
29152813;43.3045438;-1.9793086;40000;12.0;0;office;2.0;Pais Vasco
28772548;41.3997487;2.1752224;19500;12.0;0;premise;2.0;Cataluña
29164968;38.8762358;-6.9614647;13000;12.0;0;premise;2.0;Extremadura
27128757;41.5611367;2.0129943;25845;13.0;0;premise;2.0;Cataluña
29748822;28.3702906;-16.7161465;7900;13.0;0;premise;3.0;Canarias
28322981;41.6415531;-0.8818105;4000;13.0;0;premise;2.0;Aragon
28476060;40.0717276;-2.1284679;9000;13.0;0;premise;2.0;Castilla-La Mancha
29759409;37.13169;-3.53747;1500;13.0;0;premise;2.0;Andalucia
28575302;36.7805271;-6.3511584;4000;13.0;0;premise;3.0;Andalucia
29029526;42.8652164;-8.5420891;11700;13.0;0;premise;2.0;Galicia
29139029;37.13199;-3.53747;1500;13.0;0;premise;0.0;Andalucia
29008016;37.13089;-3.54147;1500;13.0;0;premise;0.0;Andalucia
29119154;41.6369032;2.2344628;9900;13.0;0;premise;2.0;Cataluña
28896537;43.284265;-2.9866891;48081;13.0;0;premise;2.0;Pais Vasco
29169482;41.8623347;2.6648504;30500;13.0;0;premise;2.0;Cataluña
27698645;42.3489359;-7.8775217;19500;13.0;0;premise;0.0;Galicia
29612216;40.408974;-3.700402;36400;14.0;0;flat;2.0;Madrid
27823140;43.54178;-5.66552;40700;14.0;0;office;0.0;Asturias
26982246;41.387424;2.1550849;48279;14.0;0;premise;2.0;Cataluña
28303879;41.6369202;-4.7380528;13500;14.0;0;premise;3.0;Castilla-Leon
28303880;41.6329202;-4.7381528;13500;14.0;0;premise;3.0;Castilla-Leon
28303886;41.6354202;-4.7392528;13500;14.0;0;premise;3.0;Castilla-Leon
28303893;41.6329202;-4.7361528;13500;14.0;0;premise;3.0;Castilla-Leon
28303882;41.6369202;-4.7374528;13500;14.0;0;premise;3.0;Castilla-Leon
28303895;41.6369202;-4.7371528;13500;14.0;0;premise;3.0;Castilla-Leon
28795874;36.7599033;-2.6482354;13400;14.0;0;premise;2.0;Andalucia
28116326;41.5440517;1.8657529;18000;14.0;0;premise;3.0;Cataluña
26370602;41.8583272;2.6665361;30500;14.0;0;premise;2.0;Cataluña
28795868;36.7590033;-2.6514354;13400;14.0;0;premise;2.0;Andalucia
28575301;36.7790271;-6.3551584;3500;14.0;0;premise;3.0;Andalucia
28575304;36.7794271;-6.3551584;4000;14.0;0;premise;3.0;Andalucia
29001425;36.8259527;-4.7076199;2500;14.0;0;premise;3.0;Andalucia
27480458;42.2272688;-8.7274726;13100;14.0;0;office;3.0;Galicia
28394317;41.7617736;-2.4663771;20000;14.0;0;premise;2.0;Castilla-Leon
28787342;28.0643371;-15.544921;8600;14.0;0;premise;2.0;Canarias
2335047;42.21755;-8.7400896;30000;14.0;0;premise;2.0;Galicia
28332261;43.4244317;-3.4467893;32900;14.0;0;flat;2.0;Cantabria
28775024;41.3999762;2.1384725;33500;14.0;0;premise;2.0;Cataluña
28004373;43.4193046;-2.7250842;62200;14.0;0;premise;2.0;Pais Vasco
27158321;43.2585166;-2.9256829;116000;14.0;0;premise;2.0;Pais Vasco
28231274;43.2517378;-2.945955;18000;14.0;0;premise;2.0;Pais Vasco
28904818;41.379297;2.1745751;30000;14.0;0;premise;2.0;Cataluña
29256593;36.7760844;-2.8073951;24359;14.0;0;premise;2.0;Andalucia
28902187;40.4218428;-3.707738;14000;14.0;0;premise;7.0;Madrid
29641262;40.3039655;-3.7380794;10000;15.0;0;premise;0.0;Madrid
27755691;41.4518;2.24565;8750;15.0;0;premise;0.0;Cataluña
29041649;41.0561002;-4.7214047;7200;15.0;0;office;0.0;Castilla-Leon
29515583;40.6286861;-3.1821599;4700;15.0;0;premise;2.0;Castilla-La Mancha
29616652;27.7615254;-15.6857682;60000;15.0;0;flat;0.0;Canarias
27128752;41.4480406;2.2223421;34483;15.0;0;premise;2.0;Cataluña
26363626;41.5451522;1.8947597;6700;15.0;0;premise;3.0;Cataluña
29131210;41.6090548;0.6131071;16000;15.0;0;premise;3.0;Cataluña
28670456;37.2985302;-4.8740748;3500;15.0;0;premise;3.0;Andalucia
28670452;37.2945302;-4.8730748;3500;15.0;0;premise;3.0;Andalucia
28575305;36.7821449;-6.3526606;4500;15.0;0;premise;3.0;Andalucia
27358244;41.6664494;-4.7381293;15000;15.0;0;premise;2.0;Castilla-Leon
26618352;39.4589923;-0.3634058;16000;15.0;0;premise;2.0;Valencia
29559989;41.4075861;2.1764954;39900;15.0;0;premise;2.0;Cataluña
29132280;43.3543442;-3.010962;15750;15.0;0;premise;2.0;Pais Vasco
28896333;43.2450038;-2.9097978;33000;15.0;0;premise;2.0;Pais Vasco
29682006;41.4075861;2.1764954;39900;15.0;0;premise;2.0;Cataluña
29936824;41.4278053;2.1575459;60000;15.0;0;premise;2.0;Cataluña
28802023;42.2256473;-8.7296513;13100;15.0;0;office;2.0;Galicia
27170408;43.3157068;-2.6795485;35000;15.0;0;office;2.0;Pais Vasco
27230278;41.5031547;-5.7434475;20000;15.0;0;office;2.0;Castilla-Leon
28894287;43.255227;-2.947105;29000;15.0;0;premise;2.0;Pais Vasco
28593119;36.528784;-6.2978672;23000;15.33;0;premise;0.0;Andalucia
29744099;28.3688927;-16.7139339;7900;15.6;0;premise;2.0;Canarias
29616429;27.7547359;-15.5739025;55000;16.0;0;premise;0.0;Canarias
29641255;43.2783761;-4.0457788;3000;16.0;0;premise;0.0;Cantabria
27864019;42.533889;1.566936;18000;16.0;0;premise;2.0;
26363624;41.5430522;1.8928597;6700;16.0;0;premise;3.0;Cataluña
26363627;41.5451522;1.8935597;6700;16.0;0;premise;3.0;Cataluña
26363625;41.5451522;1.8942597;6700;16.0;0;premise;3.0;Cataluña
28303903;41.6334202;-4.7392528;15500;16.0;0;premise;3.0;Castilla-Leon
29173608;42.0668781;-1.6060124;12000;16.0;0;premise;3.0;Navarra
28303915;41.6369202;-4.7361528;15500;16.0;0;premise;3.0;Castilla-Leon
27288801;38.37712;-4.85038;3000;16.0;0;premise;2.0;Andalucia
29202904;40.3057432;-3.7345643;14800;16.0;0;premise;2.0;Madrid
29230519;43.3628832;-5.8580386;18500;16.0;0;flat;1.0;Asturias
2320909;43.2632771;-2.9278426;160000;16.0;0;premise;2.0;Pais Vasco
27530446;43.3122713;-2.001787;62000;16.0;0;premise;2.0;Pais Vasco
29424668;36.7083606;-4.4492165;15000;16.0;0;premise;2.0;Andalucia
29316612;36.5116737;-4.8927321;52500;16.0;0;flat;2.0;Andalucia
28731698;40.3936156;-3.7118055;35000;16.0;0;premise;2.0;Madrid
25098345;43.2531453;-2.9480953;83000;16.0;0;premise;2.0;Pais Vasco
27065912;41.9892622;2.8279086;48000;16.0;0;premise;3.0;Cataluña
28102015;36.5335681;-6.2999442;50000;16.0;0;flat;6.0;Andalucia
27289731;41.6498882;-0.9115696;5600;16.0;0;premise;2.0;Aragon
29247314;41.38563;2.10166;27000;16.8;0;premise;0.0;Cataluña
27823139;43.54178;-5.66552;47200;17.0;0;office;0.0;Asturias
29314393;37.3895674;-5.9194519;26000;17.0;0;premise;2.0;Andalucia
27861382;40.425671;-3.6770626;55000;17.0;0;premise;2.0;Madrid
25616162;40.4771494;-3.8713597;11600;17.0;0;premise;2.0;Madrid
28322984;41.6455531;-0.8827105;9400;17.0;0;premise;2.0;Aragon
28303904;41.6329202;-4.7358528;16400;17.0;0;premise;3.0;Castilla-Leon
28303896;41.6369202;-4.7386528;8700;17.0;0;premise;3.0;Castilla-Leon
28322983;41.6455531;-0.8850105;9400;17.0;0;premise;2.0;Aragon
28322986;41.6420531;-0.8856105;9500;17.0;0;premise;2.0;Aragon
28322985;41.6439531;-0.8856105;9400;17.0;0;premise;2.0;Aragon
25616146;40.4726973;-3.8755857;12800;17.0;0;premise;2.0;Madrid
25616144;40.4743973;-3.8759857;11600;17.0;0;premise;2.0;Madrid
27732596;41.2828745;1.2515464;8000;17.0;0;premise;3.0;Cataluña
28116328;41.5438517;1.8688529;14000;17.0;0;premise;3.0;Cataluña
29392049;37.9532572;-1.1740787;18000;17.0;0;premise;3.0;Murcia
29083049;41.91074;1.69677;8000;17.0;0;premise;2.0;Cataluña
27455394;38.37872;-4.84638;3000;17.0;0;premise;0.0;Andalucia
29807733;41.5338005;2.4218309;12500;17.0;0;premise;2.0;Cataluña
29756545;40.435716;-3.7002851;78000;17.0;0;flat;5.0;Madrid
29467298;39.4668116;-0.3750836;80000;17.0;0;office;10.0;Valencia
27229829;41.5009665;-5.7445757;45000;17.0;0;premise;2.0;Castilla-Leon
29628182;40.4320594;-3.6807685;62000;17.0;0;flat;1.0;Madrid
28468940;42.5773043;-0.5507124;39680;18.0;0;flat;9.0;Aragon
29640309;41.8279157;-0.7689051;7000;18.0;0;premise;0.0;Aragon
29640626;41.6148559;2.662736;32672;18.0;0;office;0.0;Cataluña
29492514;40.4566947;-3.6969963;68000;18.0;0;premise;2.0;Madrid
29400799;40.385238;-3.73128;24400;18.0;0;premise;2.0;Madrid
29041650;41.0561002;-4.7214047;10400;18.0;0;office;0.0;Castilla-Leon
27823138;43.54178;-5.66552;49400;18.0;0;office;0.0;Asturias
29301802;39.6179137;2.7178447;23000;18.0;0;office;3.0;Baleares
29452670;42.9307374;-3.4865516;13397;18.0;0;premise;2.0;Castilla-Leon
29540452;40.4049928;-3.6965613;49500;18.0;0;premise;2.0;Madrid
27224430;43.4252708;-2.720715;78000;18.0;0;premise;0.0;
29550174;40.3855927;-3.744157;29420;18.0;0;premise;1.0;Madrid
28555457;36.7350552;-4.4225842;18000;18.0;0;premise;3.0;Andalucia
25616149;40.4774494;-3.8714597;11800;18.0;0;premise;2.0;Madrid
25619794;42.3023658;-1.9594348;6100;18.0;0;premise;3.0;La Rioja
25616252;42.765976;-6.6253107;7100;18.0;0;premise;3.0;Castilla-Leon
29759406;36.59754;-4.57371;3500;18.0;0;premise;3.0;Andalucia
29001429;36.8267527;-4.7074199;3000;18.0;0;premise;3.0;Andalucia
27645785;36.4193275;-6.1515427;57800;18.0;0;office;3.0;Andalucia
27286048;40.46976;-3.6917826;85000;18.0;0;premise;2.0;Madrid
29308566;41.6533096;-4.7253328;23000;18.0;0;premise;2.0;Castilla-Leon
29761872;41.4462691;2.178118;42000;18.0;0;premise;2.0;Cataluña
29007549;36.59554;-4.57481;3500;18.0;0;premise;0.0;Andalucia
27317493;36.250697;-5.9607249;42000;18.0;0;flat;3.0;Andalucia
29446681;36.2561929;-5.9672188;18000;18.0;0;flat;0.0;Andalucia
29826959;40.4182433;-3.7069471;79000;18.0;0;premise;1.0;Madrid
29577777;40.4454578;-3.706489;60000;18.0;0;flat;7.0;Madrid
29825610;40.409053;-3.7007931;36400;18.0;0;flat;2.0;Madrid
27863061;42.8198406;-1.6451838;51000;18.0;0;premise;0.0;Navarra
28895017;43.2807392;-2.9814875;59000;18.0;0;premise;2.0;Pais Vasco
29660210;27.7615419;-15.5678895;11000;19.0;0;premise;0.0;Canarias
26836153;39.4945191;-0.368085;25600;19.0;0;premise;0.0;Valencia
27823137;43.54178;-5.66552;54100;19.0;0;office;0.0;Asturias
29223317;36.722957;-4.4361799;19500;19.0;0;office;2.0;Andalucia
28524805;37.2403193;-3.6425686;9500;19.0;0;premise;0.0;Andalucia
29255265;38.0101929;-0.6615116;39000;19.0;0;flat;4.0;Valencia
28533014;43.3154829;-1.9367769;30000;19.0;0;premise;7.0;Pais Vasco
25821811;37.6968763;-5.2840521;21000;19.0;0;premise;2.0;Andalucia
29063546;43.2714895;-2.9518434;12000;19.0;0;premise;1.0;Pais Vasco
28303913;41.6367202;-4.7392528;18400;19.0;0;premise;3.0;Castilla-Leon
28303890;41.6367202;-4.7352528;9700;19.0;0;premise;3.0;Castilla-Leon
25616147;40.4765494;-3.8753597;13100;19.0;0;premise;2.0;Madrid
27908038;41.5420527;2.1118441;44500;19.0;0;premise;2.0;Cataluña
28303908;41.6369202;-4.7388528;18600;19.0;0;premise;3.0;Castilla-Leon
28544083;40.4760494;-3.8713597;8200;19.0;0;premise;3.0;Madrid
25616145;40.4730973;-3.8759857;14000;19.0;0;premise;2.0;Madrid
29136122;43.4678199;-3.78937;22000;19.0;0;premise;2.0;Cantabria
29670877;40.3307111;-3.760541;5000;19.0;0;premise;1.0;Madrid
28828220;43.4176748;-2.7224411;25000;19.0;0;premise;2.0;Pais Vasco
29010566;38.3918115;-0.5269953;16900;19.0;0;premise;2.0;Valencia
2337180;41.372471;2.1385716;59000;19.0;0;premise;2.0;Cataluña
2226963;43.3704205;-8.4201735;35000;19.0;0;premise;2.0;Galicia
26668330;42.5769043;-0.5507124;49680;20.0;0;flat;5.0;Aragon
28962834;40.388632;-3.4843831;23000;20.0;0;premise;2.0;Madrid
1204505;42.36458;3.16322;46000;20.0;0;flat;2.0;
29639667;37.3618092;-1.662311;4000;20.0;0;premise;0.0;Andalucia
29639709;37.3578092;-1.663711;4000;20.0;0;premise;0.0;
29639696;37.3578092;-1.661011;4000;20.0;0;premise;0.0;
29707631;37.3579092;-1.664911;4000;20.0;0;premise;0.0;
28280544;39.5763525;2.633962;166000;20.0;0;premise;0.0;Baleares
28544648;39.5563968;2.6086966;40000;20.0;0;flat;8.0;Baleares
28302118;36.50994;-4.88635;48000;20.0;0;office;0.0;Andalucia
28986748;42.3585953;3.1502232;31000;20.0;0;flat;0.0;Cataluña
28800424;28.1012698;-15.530344;18800;20.0;0;premise;2.0;Canarias
29642951;43.32057;-1.981617;54290;20.0;0;premise;0.0;Pais Vasco
29642925;43.302317;-2.02342;77000;20.0;0;office;0.0;Pais Vasco
27707255;41.3713055;2.1103912;33000;20.0;0;premise;2.0;Cataluña
27070797;40.8179928;0.5255143;6100;20.0;0;premise;3.0;Cataluña
28303907;41.6335202;-4.7392528;19300;20.0;0;premise;3.0;Castilla-Leon
28322982;41.6455531;-0.8838105;4200;20.0;0;premise;2.0;Aragon
25618250;39.8906602;-0.0819594;16000;20.0;0;premise;3.0;Valencia
28430820;39.1151027;-0.52007;18000;20.0;0;premise;3.0;Valencia
27175089;41.9182845;3.1574917;25000;20.0;0;office;3.0;Cataluña
29045046;42.9985662;-4.1394772;20000;20.0;0;office;2.0;Cantabria
28892639;43.3254217;-1.9355599;42000;20.0;0;premise;2.0;Pais Vasco
29592163;43.4031427;-2.9492858;50000;20.0;0;flat;2.0;Pais Vasco
25497460;40.4364383;-3.6816212;84000;20.0;0;premise;2.0;Madrid
29453136;28.1163923;-15.4471433;40000;20.0;0;office;4.0;Canarias
28295906;40.4728357;-3.8705121;70000;20.0;0;premise;2.0;Madrid
28716067;43.4630652;-3.8467323;38000;20.0;0;premise;0.0;Cantabria
29564569;43.2359588;-2.8859094;65000;20.0;0;premise;2.0;Pais Vasco
29557476;43.5416211;-5.6626868;33000;20.0;0;premise;0.0;Asturias
29178532;43.304437;-1.9767481;45000;20.0;0;office;2.0;Pais Vasco
28838702;40.4421316;-3.6966732;46000;20.0;0;premise;2.0;Madrid
28896663;43.2600343;-2.9197982;43140;20.0;0;premise;2.0;Pais Vasco
29406635;39.58251;-0.27676;20500;20.0;0;premise;2.0;
29466833;40.4378323;-3.6410293;42000;20.0;0;premise;2.0;Madrid
28978733;43.2659019;-2.9198043;31500;20.0;0;premise;2.0;Pais Vasco
25931511;41.8461292;0.2966914;21000;20.0;0;premise;0.0;Aragon
29605584;36.5313581;-6.3005965;25000;20.0;0;flat;2.0;Andalucia
26899668;43.3455111;-8.3437008;40000;20.0;0;premise;0.0;Galicia
28052192;39.3333106;-0.6098874;9500;20.0;0;countryHouse;0.0;Valencia
27773123;37.977395;-1.1133457;18250;20.0;0;premise;2.0;Murcia
27715335;37.7573179;-0.8347458;38000;20.0;0;flat;3.0;Murcia
28491960;40.4269164;-3.6875209;140000;20.0;0;flat;5.0;Madrid
28433902;41.4151384;2.1610195;59000;20.0;0;office;2.0;Cataluña
29605047;41.4474185;2.180165;35000;20.0;0;premise;2.0;Cataluña
29459461;39.9100945;-0.7082318;20000;20.0;0;countryHouse;0.0;Valencia
28538799;43.3183722;-3.0172596;40000;20.0;0;flat;4.0;Pais Vasco
29727541;36.6304694;-4.4900118;60000;20.0;0;flat;7.0;Andalucia
29576408;40.3490303;-3.8211708;25000;20.0;0;premise;2.0;Madrid
26148504;28.4663612;-16.2693627;10000;20.0;0;office;2.0;Canarias
26478693;43.3483986;-3.0057556;18000;20.0;0;premise;1.0;Pais Vasco
27828240;42.8103466;-1.6385676;55000;20.0;0;premise;2.0;Navarra
27222793;41.1548292;1.1168747;12000;20.0;0;premise;2.0;Cataluña
29696742;41.3629119;2.0819067;35000;20.0;0;premise;2.0;Cataluña
29703268;43.3613222;-8.4087625;39000;20.0;0;premise;2.0;Galicia
25219501;42.8812046;-8.5430425;85000;20.0;0;flat;2.0;Galicia
29528251;42.3279222;-7.8792931;35000;20.0;0;office;2.0;Galicia
28190955;36.8329107;-3.9758129;24800;20.0;0;flat;2.0;Andalucia
29678308;43.3374606;-4.0611461;5400;20.0;0;premise;1.0;Cantabria
29587305;40.4255727;-3.7151027;80000;20.0;0;premise;2.0;Madrid
28715519;42.8269669;-1.6159955;28000;20.0;0;office;4.0;Navarra
2272522;37.1755264;-3.6104417;69000;20.0;0;premise;2.0;Andalucia
28036241;40.3990044;-3.7000754;22500;20.0;0;premise;2.0;Madrid
29506866;40.4580931;-3.6612192;46100;20.0;0;premise;2.0;Madrid
2257669;43.4026644;-2.7481176;50000;20.0;0;premise;2.0;Pais Vasco
2240086;43.4026644;-2.7481176;72200;20.0;0;premise;2.0;Pais Vasco
29368603;41.3692283;2.1321162;34000;20.0;0;premise;2.0;Cataluña
29317321;38.3528929;-0.4810694;20000;20.0;0;premise;2.0;Valencia
2278485;43.2845526;-2.9607474;75000;20.0;0;premise;2.0;Pais Vasco
25570773;41.268181;1.9974017;158850;20.0;0;flat;3.0;
26415098;39.5569493;2.8899823;64000;20.0;0;countryHouse;0.0;Baleares
29439401;40.3319161;-3.7004654;71000;20.0;0;flat;7.0;Madrid
29600904;43.3146985;-8.3552549;13255;20.0;0;premise;2.0;Galicia
28682999;40.4198386;-3.7026012;110000;20.0;0;flat;5.0;Madrid
27153736;43.316509;-1.9206089;55000;20.0;0;premise;9.0;Pais Vasco
29396923;40.4083684;-3.7057593;41000;20.0;0;flat;5.0;Madrid
27451846;40.4088613;-3.6999034;28000;20.0;0;premise;2.0;Madrid
27521741;43.3201869;-1.9756728;70000;20.0;0;office;2.0;Pais Vasco
27059285;41.3681286;2.1056738;35000;20.0;0;premise;2.0;Cataluña
29703626;41.3753585;2.1674214;87000;20.0;0;flat;3.0;Cataluña
27730806;37.9882587;-1.1389118;25750;20.0;0;flat;2.0;Murcia
28230295;41.3714991;2.1435122;60000;20.0;0;flat;2.0;Cataluña
1194819;42.5763145;-0.550889;47000;21.0;0;flat;7.0;Aragon
29617777;42.4251126;-2.4608345;10000;21.0;0;premise;2.0;La Rioja
27733272;39.2623534;-2.6012156;9000;21.0;0;premise;0.0;Castilla-La Mancha
26043710;40.4287209;-3.6775416;95000;21.0;0;flat;4.0;Madrid
27868506;41.1101022;1.2494652;28500;21.0;0;premise;3.0;Cataluña
29383858;36.7737176;-6.3529118;4000;21.0;0;premise;3.0;Andalucia
29254517;28.1165325;-15.4455636;40600;21.0;0;office;3.0;Canarias
29254524;28.1139583;-15.4456464;41800;21.0;0;office;3.0;Canarias
29254518;28.1149583;-15.4496464;40600;21.0;0;office;3.0;Canarias
28778340;40.5808212;-3.2972396;11100;21.0;0;premise;2.0;Castilla-La Mancha
29279859;42.6811913;-2.9696009;11758;21.0;0;premise;2.0;Castilla-Leon
29320376;41.6073617;2.2876714;32000;21.0;0;office;7.0;Cataluña
27247510;42.8057255;-1.6812519;45000;21.0;0;premise;0.0;Navarra
29682413;41.3979386;2.1750007;70000;21.0;0;flat;8.0;Cataluña
29203602;36.6911583;-4.4540801;69000;21.0;0;premise;0.0;Andalucia
29657490;40.4350458;-3.6734746;79000;21.0;0;premise;2.0;Madrid
29730081;41.4462705;2.1781168;42000;21.0;0;premise;2.0;Cataluña
28124287;41.4086321;2.1729608;80000;21.0;0;premise;2.0;Cataluña
2328445;43.2567491;-2.9360049;123600;21.0;0;premise;2.0;Pais Vasco
27382879;28.4655786;-16.251469;60000;21.0;0;premise;1.0;Canarias
2267698;36.7713288;-2.8182367;48880;21.0;0;premise;2.0;Andalucia
29769784;39.4943445;-0.368264;11000;22.0;0;premise;0.0;Valencia
27061468;43.4635649;-3.7968696;166000;22.0;0;premise;0.0;Cantabria
29589482;37.3837936;-5.9733603;52300;22.0;0;office;2.0;Andalucia
29196706;42.8146988;-1.6407178;250000;22.0;0;premise;2.0;Navarra
28860144;41.644563;-4.7313332;60000;22.0;0;office;3.0;Castilla-Leon
29639122;40.7139992;0.5740663;30008;22.0;0;premise;2.0;Cataluña
28116145;42.2241688;-8.7281726;28700;22.0;0;office;3.0;Galicia
28892969;43.3047003;-1.9719221;95000;22.0;0;premise;2.0;Pais Vasco
28225175;42.0452395;3.1955035;45000;22.0;0;flat;3.0;Cataluña
28980245;41.4259261;2.17258;29000;22.0;0;office;2.0;Cataluña
28808696;28.116842;-16.7742661;75000;22.0;0;premise;2.0;Canarias
28301360;42.8033727;-1.675814;26000;22.0;0;office;2.0;Navarra
28846662;42.429725;-2.416814;25000;22.0;0;premise;2.0;La Rioja
29512798;41.6484006;-4.713799;20000;22.0;0;premise;2.0;Castilla-Leon
27452599;36.7717176;-6.3510118;4000;22.0;0;premise;0.0;Andalucia
29062124;40.6961834;-4.7227796;25000;22.0;0;flat;5.0;Castilla-Leon
2240007;37.1113742;-1.8445428;55000;22.0;0;premise;2.0;Andalucia
28582510;41.5043136;-5.7436253;38000;22.0;0;premise;2.0;Castilla-Leon
28830134;42.3412223;-7.8647782;50000;22.0;0;office;2.0;Galicia
29736635;36.6205541;-4.4989767;25000;22.0;0;flat;4.0;Andalucia
28183450;40.4319067;-3.7007708;89500;22.0;0;flat;3.0;Madrid
27132743;37.387512;-5.9970843;50000;22.0;0;premise;2.0;Andalucia
29582000;39.9743111;0.0095278;32000;22.0;0;flat;7.0;Valencia
28895432;43.2906453;-2.9869933;60101;22.0;0;premise;2.0;Pais Vasco
2218679;43.2579735;-2.9436868;71000;22.0;0;office;2.0;Pais Vasco
26757853;40.388999;-3.6375784;37000;22.0;0;premise;2.0;Madrid
29481627;41.4232679;2.189594;32000;22.0;0;premise;2.0;Cataluña
29492375;40.3953531;-3.7673432;65000;23.0;0;premise;2.0;Madrid
29740584;40.4156561;-3.712174;120000;23.0;0;premise;2.0;Madrid
29602625;41.3733059;2.1625416;90000;23.0;0;flat;4.0;Cataluña
27351635;36.7228073;-4.4216773;32100;23.0;0;premise;5.0;Andalucia
28514505;42.236542;3.1237875;40500;23.0;0;flat;11.0;Cataluña
1311141;42.2384968;3.1232737;58000;23.0;0;flat;12.0;Cataluña
29386440;40.4209595;-3.7072666;140000;23.0;0;flat;10.0;Madrid
29334953;43.3227738;-3.0025779;50000;23.0;0;premise;0.0;Pais Vasco
28930532;43.27633;-8.20672;17000;23.0;0;office;2.0;Galicia
29355215;41.3708759;2.1330836;27000;23.0;0;premise;2.0;Cataluña
28585032;36.541707;-4.6182525;44000;23.0;0;flat;2.0;Andalucia
29639151;38.08762;-0.74695;129232;23.0;0;premise;2.0;Valencia
26763338;40.0736577;-2.1327923;20200;23.0;0;premise;2.0;Castilla-La Mancha
27387003;36.7248073;-4.4231773;32100;23.0;0;premise;3.0;Andalucia
26007126;41.3381526;2.0445839;40000;23.0;0;premise;5.0;Cataluña
28496327;41.5755072;2.0138016;55000;23.0;0;premise;3.0;Cataluña
28496328;41.5755072;2.0138016;57000;23.0;0;premise;3.0;Cataluña
27944453;43.4527844;-3.8224525;43000;23.0;0;office;2.0;Cantabria
29530904;43.258288;-2.9330916;62000;23.0;0;premise;2.0;Pais Vasco
2271825;42.3563074;-3.6674837;50000;23.0;0;premise;2.0;Castilla-Leon
25461980;42.8334915;-1.5873556;25000;23.0;0;premise;2.0;Navarra
29302393;43.270763;-2.946347;34500;23.0;0;premise;2.0;Pais Vasco
29788396;40.4312441;-3.7142493;110000;23.0;0;premise;2.0;Madrid
28269065;37.3909542;-6.0036721;54000;23.0;0;premise;0.0;Andalucia
27374120;43.2573489;-2.9393507;72121;23.0;0;premise;2.0;Pais Vasco
29435082;36.7232183;-4.4195404;33900;23.0;0;premise;0.0;Andalucia
29816096;43.2645352;-2.9311065;175000;23.0;0;premise;2.0;Pais Vasco
28092930;36.5439243;-4.6276898;18000;23.0;0;premise;0.0;Andalucia
29762069;40.4500072;-3.7059423;60000;23.0;0;flat;2.0;Madrid
28364890;43.5362539;-5.6692943;36000;23.0;0;flat;4.0;Asturias
27373131;36.5401044;-4.6223528;69300;23.0;0;premise;0.0;Andalucia
2318988;43.27015;-2.9272748;100000;23.0;0;premise;2.0;Pais Vasco
25570835;41.2819885;1.9747745;68000;23.0;0;flat;2.0;Cataluña
26121749;36.4145365;-6.1422566;14300;23.0;0;premise;2.0;Andalucia
26186089;37.2443065;-3.6503489;12500;23.0;0;premise;3.0;Andalucia
29250210;36.7262988;-6.4220512;37100;23.0;0;premise;2.0;Andalucia
26121757;37.3855874;-5.9727015;52500;23.0;0;office;7.0;Andalucia
29725365;40.4031258;-3.6734133;74000;23.0;0;flat;7.0;Madrid
29706499;41.6579835;-0.8918255;29000;24.0;0;premise;2.0;Aragon
1245254;42.36368;3.15922;65000;24.0;0;flat;3.0;Cataluña
29824394;36.5958114;-4.5258849;46000;24.0;0;flat;8.0;Andalucia
29939801;42.3395277;-7.8700709;15000;24.0;0;premise;2.0;Galicia
29449336;28.6062552;-13.835815;18900;24.0;0;office;0.0;Canarias
29616992;37.8015931;-0.8040264;36000;24.0;0;flat;0.0;Murcia
28537253;36.6984763;-2.788658;38000;24.0;0;flat;0.0;Andalucia
29504118;28.11686;-15.44713;40000;24.0;0;office;4.0;Canarias
29381411;36.7358591;-6.4323252;27500;24.0;0;premise;2.0;Andalucia
2282419;36.8400975;-2.4587224;39000;24.0;0;premise;2.0;Andalucia
795097;36.5981481;-4.5292001;46000;24.0;0;flat;7.0;Andalucia
28894499;42.9427023;-3.5700407;18000;24.0;0;premise;2.0;Castilla-Leon
29802403;39.2289458;-0.52563;48000;24.0;0;premise;3.0;Valencia
28804872;28.0502514;-16.7145099;28800;24.0;0;premise;3.0;Canarias
28303881;41.6342202;-4.7392528;23200;24.0;0;premise;3.0;Castilla-Leon
27197384;42.8147341;-1.6452324;73900;24.0;0;premise;3.0;Navarra
28303916;41.6358202;-4.7352528;25300;24.0;0;premise;3.0;Castilla-Leon
28430789;39.4347632;-0.4686419;38000;24.0;0;premise;3.0;Valencia
27801026;41.7872772;0.8059052;17100;24.0;0;premise;3.0;Cataluña
28433388;43.476703;-8.243893;9950;24.0;0;premise;2.0;Galicia
29254514;28.1137325;-15.4487636;40600;24.0;0;office;3.0;Canarias
29254521;28.1163325;-15.4495636;41200;24.0;0;office;3.0;Canarias
29254534;28.1176583;-15.4463464;47000;24.0;0;office;3.0;Canarias
29254537;28.1137325;-15.4464636;47000;24.0;0;office;3.0;Canarias
29254541;28.1146325;-15.4455636;49500;24.0;0;office;3.0;Canarias
27480460;42.2241688;-8.7308726;20000;24.0;0;office;3.0;Galicia
29254508;28.1148583;-15.4456464;40000;24.0;0;office;3.0;Canarias
29254512;28.1176583;-15.4490464;40600;24.0;0;office;3.0;Canarias
29254515;28.1166583;-15.4496464;40600;24.0;0;office;3.0;Canarias
29254522;28.1136583;-15.4483464;41200;24.0;0;office;3.0;Canarias
29254535;28.1158583;-15.4496464;47000;24.0;0;office;3.0;Canarias
29254545;28.1139583;-15.4456464;50000;24.0;0;office;3.0;Canarias
29254513;28.1155325;-15.4455636;40600;24.0;0;office;3.0;Canarias
29254516;28.1137325;-15.4484636;40600;24.0;0;office;3.0;Canarias
29254519;28.1170583;-15.4496464;41000;24.0;0;office;3.0;Canarias
29254520;28.1176583;-15.4484464;41200;24.0;0;office;3.0;Canarias
29254523;28.1136583;-15.4467464;41800;24.0;0;office;3.0;Canarias
29254529;28.1177325;-15.4484636;45000;24.0;0;office;3.0;Canarias
29254533;28.1171583;-15.4456464;47000;24.0;0;office;3.0;Canarias
29254536;28.1144583;-15.4496464;47000;24.0;0;office;3.0;Canarias
29254539;28.1177325;-15.4484636;48000;24.0;0;office;3.0;Canarias
29448771;42.3421233;1.9463962;60000;24.0;0;flat;2.0;Cataluña
29731990;40.3933025;-3.6941421;45400;24.0;0;premise;2.0;Madrid
28873743;38.5425183;-0.1254769;28000;24.0;0;flat;10.0;Valencia
28180738;41.8075004;3.0632355;80000;24.0;0;flat;6.0;Cataluña
28056067;40.4258831;-3.6856008;180000;24.0;0;flat;3.0;Madrid
29231344;40.4636844;-3.7199536;40000;24.0;0;premise;2.0;Madrid
28899181;43.2591918;-2.9136007;57000;24.0;0;premise;2.0;Pais Vasco
27361571;40.3926717;-3.6698584;33000;24.0;0;premise;2.0;Madrid
28901859;43.2563178;-2.9263043;90000;24.0;0;office;4.0;Pais Vasco
25327491;37.1417984;-1.8494803;35000;24.0;0;flat;6.0;Andalucia
26946287;42.4664441;-2.4564588;114000;24.0;0;premise;2.0;La Rioja
28311490;41.6130143;2.6579477;35000;24.0;0;flat;5.0;Cataluña
28773057;41.6475143;-0.888791;58000;24.0;0;premise;2.0;Aragon
2339191;40.4460338;-3.6974516;53000;24.0;0;premise;2.0;Madrid
29219075;40.4557304;-3.6986332;51500;24.0;0;premise;2.0;Madrid
29070186;27.7751356;-15.603999;46000;24.0;0;flat;3.0;Canarias
28874629;43.359053;-8.402442;152000;24.0;0;premise;0.0;Galicia
29467118;41.6434477;-4.7218289;29000;24.0;0;premise;2.0;Castilla-Leon
29223899;37.4271807;-5.9839215;29900;24.0;0;premise;2.0;Andalucia
29444847;39.5765745;2.6391188;23000;24.0;0;premise;2.0;Baleares
28866238;28.052444;-16.716892;28800;24.0;0;premise;3.0;Canarias
29600668;43.2932134;-8.3465263;60000;24.0;0;premise;2.0;Galicia
29296504;39.8757897;4.2842368;120000;24.0;0;premise;2.0;Baleares
29123759;42.8286779;-1.6048706;34500;24.0;0;premise;0.0;Navarra
28843039;36.6989088;-2.7906571;34200;24.0;0;flat;6.0;Andalucia
29023108;41.4352853;2.1760652;67000;24.85;0;office;2.0;Cataluña
26371952;42.5677107;-0.5494903;14000;25.0;0;premise;1.0;Aragon
29616433;27.7620204;-15.6802805;25000;25.0;0;premise;0.0;Canarias
29619780;28.1426884;-15.4328601;58000;25.0;0;premise;2.0;Canarias
29719183;40.430096;-3.7034088;74000;25.0;0;flat;2.0;Madrid
28383503;40.4409583;-3.9052443;40000;25.0;0;premise;2.0;Madrid
29319549;38.541987;-0.127923;20000;25.0;0;flat;3.0;Valencia
2196968;36.1313059;-5.4481567;38205;25.0;0;office;8.0;Andalucia
28371499;42.9139612;-8.007308;12000;25.0;0;countryHouse;0.0;Galicia
26195061;38.02815;-0.655648;34900;25.0;0;flat;0.0;Valencia
28025833;37.8847755;-0.7553097;39000;25.0;0;flat;3.0;Valencia
29035076;43.4634156;-3.7922811;70000;25.0;0;premise;0.0;Cantabria
26694140;37.9797828;-0.6721348;32000;25.0;0;flat;3.0;Valencia
29018745;28.9227845;-13.6725692;65000;25.0;0;flat;2.0;Canarias
28800446;28.1012698;-15.530344;22600;25.0;0;premise;2.0;Canarias
29068618;37.3846031;-5.9927437;128000;25.0;0;premise;0.0;Andalucia
28460959;40.411481;-3.6964208;132260;25.0;0;flat;2.0;Madrid
29683882;43.2522572;-2.9139343;18600;25.0;0;premise;2.0;Pais Vasco
27661917;41.6186927;0.6223108;25000;25.0;0;flat;2.0;Cataluña
27273410;40.4078857;-3.8829702;52000;25.0;0;premise;2.0;Madrid
28985630;38.5407303;-0.1294533;55000;25.0;0;premise;0.0;Valencia
28957382;43.3730558;-2.5079344;38000;25.0;0;premise;2.0;Pais Vasco
28523799;36.5941215;-4.5249694;46724;25.0;0;flat;0.0;Andalucia
27691418;40.4567304;-3.6976332;63000;25.0;0;premise;2.0;Madrid
26982254;41.6428598;2.731679;45250;25.0;0;premise;2.0;Cataluña
29392033;38.9841698;-1.8469634;25000;25.0;0;premise;3.0;Castilla-La Mancha
28303911;41.6369202;-4.7365528;24200;25.0;0;premise;3.0;Castilla-Leon
28303901;41.6369202;-4.7384528;24200;25.0;0;premise;3.0;Castilla-Leon
28303910;41.6329202;-4.7359528;24200;25.0;0;premise;3.0;Castilla-Leon
26902661;36.4198905;-6.1467385;49400;25.0;0;premise;3.0;Andalucia
28469144;40.0726725;-2.1318242;21100;25.0;0;premise;2.0;Castilla-La Mancha
29582042;41.4324879;2.1836839;125000;25.0;0;premise;2.0;Cataluña
25741111;40.4482607;-3.6771709;90000;25.0;0;office;2.0;Madrid
27339070;38.5124246;-1.7037242;34000;25.0;0;office;0.0;Castilla-La Mancha
28935420;36.5394854;-4.6205158;44149;25.0;0;flat;3.0;Andalucia
28935836;40.4370147;-3.7031455;100000;25.0;0;premise;2.0;Madrid
29496353;38.5459183;-0.1254769;21000;25.0;0;flat;3.0;Valencia
28873744;38.5462183;-0.1287769;41000;25.0;0;flat;12.0;Valencia
28873728;38.5424183;-0.1254769;28000;25.0;0;flat;3.0;Valencia
29605606;36.6001678;-4.5171876;38000;25.0;0;flat;9.0;Andalucia
25440698;42.2471941;3.1277116;48500;25.0;0;flat;12.0;Cataluña
27882283;42.2509166;3.1181059;50000;25.0;0;flat;2.0;Cataluña
28355651;41.4018284;2.1637534;180000;25.0;0;premise;2.0;Cataluña
2261003;41.5337108;2.1174696;63000;25.0;0;premise;2.0;Cataluña
27698069;43.3184131;-2.9816196;39000;25.0;0;premise;2.0;Pais Vasco
28180465;41.8155766;3.0712054;75000;25.0;0;flat;12.0;Cataluña
29475469;28.1101251;-15.4151774;23100;25.0;0;premise;2.0;Canarias
29240496;41.3729109;2.1433051;63000;25.0;0;flat;3.0;Cataluña
29670412;37.1073491;-3.4298731;70000;25.0;0;flat;7.0;Andalucia
29220284;41.3865506;2.1779015;170000;25.0;0;premise;2.0;Cataluña
29941234;43.2323598;-2.8426887;69000;25.0;0;premise;2.0;Pais Vasco
29491788;39.5705813;2.6411135;130000;25.0;0;flat;;Baleares
29496925;38.83843;0.10758;35000;25.0;0;flat;4.0;Valencia
28895070;43.255989;-2.9161301;45076;25.0;0;premise;2.0;Pais Vasco
28896145;43.2520145;-2.9454432;48000;25.0;0;premise;2.0;Pais Vasco
28901512;43.2633985;-2.9488608;150000;25.0;0;premise;2.0;Pais Vasco
28901721;43.2549092;-2.9169134;19500;25.0;0;premise;2.0;Pais Vasco
29363243;41.3853884;2.1432338;110000;25.0;0;premise;2.0;Cataluña
28317014;36.593416;-4.527435;52000;25.0;0;flat;2.0;Andalucia
2195984;43.2703831;-2.9244709;100000;25.0;0;office;2.0;Pais Vasco
29080167;43.3949386;-5.6600662;24000;25.0;0;office;4.0;Asturias
28894811;43.339576;-1.797475;90000;25.0;0;premise;2.0;Pais Vasco
28892570;43.3247129;-1.9828142;85000;25.0;0;office;2.0;
28607811;40.5457201;-3.6352187;66000;25.0;0;premise;2.0;Madrid
29659502;36.4952183;-4.6942154;40000;25.0;0;flat;5.0;Andalucia
28714637;43.2383273;-2.8719699;79000;25.0;0;premise;0.0;Pais Vasco
29823451;40.4794022;-3.7125465;145000;25.0;0;premise;2.0;Madrid
29683784;43.2521572;-2.9161343;18600;25.0;0;premise;2.0;Pais Vasco
27730023;37.7631424;-0.8392135;45000;25.0;0;flat;2.0;Murcia
2227822;42.6021728;0.5258277;18000;25.0;0;premise;1.0;Aragon
2179788;43.2523658;-2.9175439;60000;25.0;0;office;2.0;Pais Vasco
28643038;27.753881;-15.6759601;48000;25.0;0;flat;4.0;Canarias
29130767;36.2746481;-6.0896375;36000;25.0;0;flat;2.0;Andalucia
26562197;41.8180749;3.0697914;85000;25.0;0;flat;12.0;Cataluña
26562041;41.8200749;3.0694914;75000;25.0;0;flat;6.0;Cataluña
28894276;43.3174713;-1.9814458;98000;25.0;0;office;4.0;Pais Vasco
29366223;40.4267224;-3.6781415;98500;25.0;0;flat;0.0;Madrid
28892651;43.3012919;-2.0236642;57000;25.0;0;office;3.0;Pais Vasco
28112399;41.4989627;0.7669103;23000;25.0;0;countryHouse;0.0;Cataluña
2290821;43.3504296;-3.0036818;66000;25.0;0;premise;2.0;Pais Vasco
2292890;40.9691005;-5.6574598;60000;25.0;0;premise;2.0;Castilla-Leon
28668636;40.4116839;-3.7278879;50000;25.0;0;premise;2.0;Madrid
29117250;40.4267061;-3.675759;110000;25.0;0;flat;4.0;Madrid
28896588;43.2600735;-2.9436868;73900;25.0;0;premise;2.0;Pais Vasco
28896671;43.2615817;-2.9364961;150000;25.0;0;flat;9.0;Pais Vasco
28763031;41.49631;2.29294;105000;25.0;0;premise;2.0;Cataluña
26184418;28.1406733;-15.4335484;29999;25.0;0;premise;2.0;Canarias
28159925;41.468949;2.0884751;114000;25.0;0;premise;2.0;Cataluña
27884246;42.3356169;-7.8679453;30000;25.0;0;premise;2.0;Galicia
29457399;42.5755853;-2.8482594;40500;25.0;0;premise;2.0;La Rioja
29403700;40.4107841;-3.7096757;100000;25.0;0;flat;3.0;Madrid
29936535;43.2845241;-1.9456994;93500;25.0;0;premise;2.0;Pais Vasco
29469661;40.6301147;-3.9976586;37000;25.0;0;flat;6.0;Madrid
29800706;41.3743495;2.1656989;50000;25.0;0;flat;2.0;Cataluña
2297577;38.879761;-6.9536574;33000;25.0;0;premise;2.0;Extremadura
26774502;43.3137119;-2.6781866;104000;25.0;0;premise;2.0;Pais Vasco
25259288;43.3680201;-2.6944477;44000;25.0;0;premise;1.0;Pais Vasco
27614396;41.3914396;2.1575852;60000;25.0;0;office;0.0;Cataluña
26444703;40.4475586;-3.6652728;65000;25.0;0;office;2.0;Madrid
28897396;43.2799387;-2.9812825;39066;25.0;0;premise;2.0;Pais Vasco
29247633;37.3867428;-5.9968994;128000;25.0;0;premise;0.0;Andalucia
28221575;40.3959599;-3.7196172;26000;25.0;0;flat;1.0;Madrid
27229934;41.5094792;-5.7463465;30051;25.0;0;premise;2.0;Castilla-Leon
27987823;43.265428;-2.924668;52000;25.0;0;office;4.0;Pais Vasco
27987819;43.265428;-2.925368;52000;25.0;0;office;4.0;Pais Vasco
29388055;42.5738303;-0.5507886;33900;25.0;0;flat;;Aragon
26305259;41.9770067;2.8065481;198000;25.0;0;premise;2.0;Cataluña
26923378;41.9787041;2.8090998;28000;25.0;0;premise;2.0;Cataluña
29128259;27.7575558;-15.57913;120000;25.0;0;premise;0.0;Canarias
27422413;37.9782633;-1.1355686;25000;25.0;0;flat;3.0;Murcia
29265217;37.13772;-6.48799;80000;25.0;0;flat;3.0;Andalucia
26923420;42.0150735;-4.5343711;60000;25.0;0;office;2.0;Castilla-Leon
25910408;40.4232498;-3.7071432;100000;25.0;0;flat;5.0;Madrid
29600855;43.3184808;-8.358636;28000;25.0;0;premise;2.0;Galicia
29949824;40.4226435;-3.7058696;120000;25.0;0;premise;2.0;Madrid
29736564;43.2547933;-2.9389126;65000;25.0;0;premise;2.0;Pais Vasco
26694637;36.5996748;-4.5297848;65000;25.0;0;flat;0.0;Andalucia
27934600;43.3175858;-1.9702365;77720;25.0;0;premise;2.0;Pais Vasco
25924018;41.6460172;-4.7221659;101000;25.0;0;flat;9.0;Castilla-Leon
29352424;27.9852638;-15.3771305;49900;25.0;0;flat;4.0;Canarias
29695545;43.3374747;-1.7858542;83000;25.0;0;premise;2.0;Pais Vasco
29674162;40.3881673;-3.6682054;31840;25.0;0;flat;2.0;Madrid
28934356;41.3644566;2.1310628;100000;25.0;0;flat;7.0;Cataluña
29047072;40.3764883;-3.7675092;25000;25.0;0;premise;2.0;Madrid
26306672;43.3235491;-1.9679053;33000;25.0;0;premise;1.0;Pais Vasco
29522708;39.4958445;-0.370264;11000;25.0;0;premise;2.0;Valencia
27623985;36.7711997;-2.819984;20500;25.0;0;premise;2.0;Andalucia
29630876;40.4478644;-3.7010487;60000;25.0;0;flat;5.0;Madrid
29705466;38.0303845;-0.6524221;24000;25.0;0;flat;4.0;Valencia
29641270;39.2660534;-2.5974156;10000;26.0;0;premise;0.0;Castilla-La Mancha
29319821;38.634971;-0.865651;22500;26.0;0;premise;2.0;Valencia
453633;42.5375137;1.5749161;65000;26.0;0;flat;8.0;
28341344;36.7839939;-4.1029871;45000;26.0;0;premise;0.0;Andalucia
27533551;38.0961249;-3.637345;25500;26.0;0;premise;0.0;Andalucia
29183163;37.3887078;-5.9846917;110000;26.0;0;office;2.0;Andalucia
25892368;42.531989;1.566736;78000;26.0;0;flat;6.0;
25195377;42.2432498;3.1247759;45000;26.0;0;flat;2.0;Cataluña
27267751;42.2430241;3.1317494;33000;26.0;0;flat;8.0;Cataluña
27637509;38.9886549;-3.9248043;50000;26.0;0;flat;3.0;Castilla-La Mancha
29334954;43.3227738;-3.0025779;58000;26.0;0;premise;0.0;Pais Vasco
29532905;36.5951864;-4.5163578;127500;26.0;0;flat;8.0;Andalucia
29578845;36.5947799;-4.5260083;115000;26.0;0;flat;3.0;Andalucia
29639145;39.2711673;-2.6001355;27862;26.0;0;premise;2.0;Castilla-La Mancha
26982259;41.3845611;2.042143;51601;26.0;0;premise;3.0;Cataluña
27064070;40.3248649;-3.7691058;32000;26.0;0;premise;3.0;Madrid
27758669;41.4889386;2.026799;65000;26.0;0;premise;2.0;Cataluña
28303900;41.6369202;-4.7369528;25100;26.0;0;premise;3.0;Castilla-Leon
25618251;39.8900602;-0.0856594;19000;26.0;0;premise;3.0;Valencia
28303905;41.6345202;-4.7392528;25100;26.0;0;premise;3.0;Castilla-Leon
25618252;39.8914602;-0.0819594;19000;26.0;0;premise;3.0;Valencia
28743539;41.5656026;2.029231;24500;26.0;0;premise;3.0;Cataluña
27586913;38.0959249;-3.635345;25500;26.0;0;premise;2.0;Andalucia
29476249;41.3813645;2.1649618;55700;26.0;0;office;3.0;Cataluña
29078766;40.4018898;-3.6947608;70000;26.0;0;premise;0.0;Madrid
28682460;39.5526224;2.6098784;50000;26.0;0;flat;12.0;Baleares
29588555;42.2703149;2.9801668;50000;26.0;0;premise;2.0;Cataluña
28897135;43.2550717;-2.9162082;39000;26.0;0;premise;2.0;Pais Vasco
25682773;41.3822596;2.041045;51601;26.0;0;premise;2.0;Cataluña
29295250;41.6267623;-0.8742625;39500;26.0;0;premise;2.0;Aragon
29606917;43.2990644;-1.8673862;60000;26.0;0;premise;2.0;Pais Vasco
29135497;41.4184772;2.185608;65000;26.0;0;flat;2.0;Cataluña
27225678;42.4669637;-2.4567442;35000;26.0;0;office;2.0;La Rioja
27578957;41.7785919;2.7043436;71000;26.0;0;flat;2.0;Cataluña
27582716;36.7213053;-4.4085987;130000;26.0;0;premise;3.0;Andalucia
29815793;37.60622;-0.98145;15000;26.0;0;premise;2.0;Murcia
27299557;42.8608969;-2.6691836;33056;26.0;0;premise;2.0;Pais Vasco
28793976;36.7217994;-4.3055366;45214;26.0;0;flat;9.0;Andalucia
2291091;42.5745903;-2.8454347;44000;26.0;0;premise;2.0;La Rioja
29079191;36.7221063;-4.3058303;45300;26.0;0;flat;9.0;Andalucia
29593512;37.8945156;-4.7850245;56000;26.0;0;premise;7.0;Andalucia
29301991;41.4110955;2.1389531;70000;26.0;0;premise;2.0;Cataluña
2240182;43.4026644;-2.7481176;31000;26.0;0;premise;2.0;Pais Vasco
29138176;43.5306507;-5.6557338;26900;26.0;0;flat;0.0;Asturias
29325223;39.4719883;-0.3436677;35000;26.0;0;premise;2.0;Valencia
28959448;36.490951;-4.753169;35000;26.0;0;flat;3.0;Andalucia
28095041;43.3483423;-8.4105966;26000;26.0;0;premise;0.0;Galicia
27230416;41.5056778;-5.738825;50463;26.0;0;office;2.0;Castilla-Leon
29344338;42.811726;-1.6437745;24000;26.0;0;premise;2.0;Navarra
29169753;38.965438;1.2942636;75000;26.0;0;flat;5.0;Baleares
29600579;43.3439392;-8.411066;30000;26.0;0;premise;2.0;Galicia
28477072;42.1114283;-8.8352174;86020;26.18;0;flat;4.0;Galicia
28477074;42.1114283;-8.8352174;91080;26.24;0;flat;5.0;Galicia
28862984;28.00364;-16.64314;33000;26.4;0;flat;2.0;
28477055;42.1114283;-8.8352174;83820;26.9;0;flat;3.0;Galicia
28477071;42.1114283;-8.8352174;88990;27.0;0;flat;4.0;Galicia
28477073;42.1114283;-8.8352174;94270;27.0;0;flat;5.0;Galicia
29023103;41.4352853;2.1760652;68000;27.0;0;office;2.0;Cataluña
29629956;36.5551908;-4.6149558;58000;27.0;0;flat;4.0;Andalucia
28509121;42.0480065;3.1895861;70000;27.0;0;flat;6.0;Cataluña
29733154;40.4642788;-3.7233698;65000;27.0;0;flat;2.0;Madrid
2226994;40.4382003;-3.6668247;49900;27.0;0;premise;2.0;Madrid
29195726;28.403823;-16.3317533;31500;27.0;0;flat;5.0;Canarias
2228036;40.4469973;-3.7065771;89000;27.0;0;premise;2.0;Madrid
2235993;40.4313261;-3.6536419;89000;27.0;0;premise;2.0;Madrid
29554195;37.8867861;-4.7926834;19000;27.0;0;premise;2.0;Andalucia
26602111;37.1217099;-1.8385345;65000;27.0;0;flat;3.0;Andalucia
29120550;43.262976;-2.924068;80000;27.0;0;office;9.0;Pais Vasco
29075159;39.1462;-0.42684;25000;27.0;0;premise;0.0;Valencia
1476736;37.1788709;-3.6035871;53000;27.0;0;flat;5.0;Andalucia
29639125;43.2526382;-2.913758;16355;27.0;0;premise;3.0;Pais Vasco
29759610;41.3879901;2.1947936;42000;27.0;0;premise;3.0;Cataluña
29557880;37.2100054;-3.6399025;16300;27.0;0;premise;3.0;Andalucia
28496329;41.5763072;2.0169016;64500;27.0;0;premise;3.0;Cataluña
29254544;28.1136583;-15.4483464;50000;27.0;0;office;3.0;Canarias
2253084;40.4732213;-3.5848784;120000;27.0;0;premise;2.0;Madrid
28249103;38.5421125;-0.128356;36000;27.0;0;flat;3.0;Valencia
468534;42.2452241;3.1313494;65000;27.0;0;flat;8.0;Cataluña
28108478;42.2431241;3.1313494;49000;27.0;0;flat;7.0;Cataluña
26518268;40.5983415;-6.5259987;24000;27.0;0;premise;2.0;Castilla-Leon
26137673;43.2656997;-1.9763571;54000;27.0;0;premise;2.0;Pais Vasco
28798952;41.0812718;1.1841205;45000;27.0;0;flat;7.0;Cataluña
28898434;43.2716902;-2.9528054;127300;27.0;0;premise;2.0;Pais Vasco
28290435;42.5767941;1.6942434;41952;27.0;0;flat;4.0;
29486234;43.2562088;-2.9374303;80000;27.0;0;premise;2.0;Pais Vasco
29335022;42.4933132;-2.5231909;22743;27.0;0;premise;2.0;La Rioja
29175644;36.6243693;-4.5032717;48000;27.0;0;premise;2.0;Andalucia
908315;42.2149156;-8.7373615;74000;27.0;0;flat;8.0;Galicia
29490519;41.4542012;2.2528654;53000;27.0;0;premise;2.0;Cataluña
29737821;40.4468756;-3.7044502;70000;27.0;0;flat;4.0;Madrid
28899582;43.2469116;-2.9338014;20000;27.0;0;premise;2.0;Pais Vasco
28459518;37.9801178;-0.672118;30990;27.0;0;flat;6.0;Valencia
29007810;39.2760825;-0.2747381;60000;27.0;0;flat;7.0;Valencia
2308933;37.2662334;-6.9407707;40000;27.0;0;premise;2.0;Andalucia
29536016;36.5657388;-4.5962726;43000;27.0;0;flat;3.0;Andalucia
2250764;36.7503393;-3.5248439;25000;27.0;0;premise;2.0;Andalucia
28372415;42.230787;-8.7110702;60000;27.0;0;flat;4.0;Galicia
29691429;40.430096;-3.7029088;74000;27.0;0;flat;1.0;Madrid
27441201;37.4089323;-5.9750552;15420;27.0;0;premise;2.0;Andalucia
2335023;43.318369;-1.9675948;33000;27.0;0;premise;1.0;Pais Vasco
27492558;39.4715129;-0.393841;19000;27.0;0;premise;2.0;Valencia
29705534;37.9825488;-0.6733888;27900;27.0;0;flat;3.0;Valencia
29023104;41.4352853;2.1760652;70000;27.6;0;office;2.0;Cataluña
26909126;43.4410423;-3.4610235;49000;27.6;0;premise;2.0;
29023102;41.4352853;2.1760652;69000;27.7;0;office;2.0;Cataluña
27587405;39.4989137;-0.3715076;21000;28.0;0;premise;2.0;Valencia
29618489;28.4685009;-16.2529;15000;28.0;0;premise;2.0;Canarias
29682122;28.053027;-16.7055259;39000;28.0;0;flat;0.0;Canarias
29172617;37.3545596;-6.1402019;25900;28.0;0;office;0.0;Andalucia
27826688;39.4985827;-0.3913229;44655;28.0;0;office;0.0;Valencia
29599186;27.7593364;-15.6806629;49900;28.0;0;flat;0.0;Canarias
27181344;36.59641;-4.52465;56000;28.0;0;flat;0.0;Andalucia
29517305;37.3520326;-6.1383876;21400;28.0;0;premise;3.0;Andalucia
28015944;37.9806115;-0.6691951;36000;28.0;0;flat;5.0;Valencia
28091032;38.0184174;-0.6567028;44900;28.0;0;flat;0.0;Valencia
29562868;41.4479534;2.1787711;35000;28.0;0;premise;2.0;Cataluña
29393728;40.4605809;-3.6981496;85000;28.0;0;office;2.0;Madrid
27430475;42.5769929;1.6511009;61000;28.0;0;flat;5.0;
29046095;36.8315584;-2.3112898;44000;28.0;0;flat;3.0;Andalucia
28071981;36.7266361;-3.3618044;47500;28.0;0;flat;4.0;Andalucia
29533141;36.6223406;-4.5001665;70000;28.0;0;flat;3.0;Andalucia
29639127;27.8434075;-15.4442985;50783;28.0;0;premise;2.0;Canarias
26686360;27.745;-18.09752;58000;28.0;0;premise;2.0;Canarias
27868482;38.0953585;-3.7739204;18700;28.0;0;premise;3.0;Andalucia
28804747;40.971809;-5.6543621;7100;28.0;0;premise;3.0;Castilla-Leon
28540015;36.5918114;-4.5238849;57300;28.0;0;flat;3.0;Andalucia
29104310;42.5894304;0.5019208;29000;28.0;0;flat;2.0;Aragon
26574303;43.201747;-3.0432617;40000;28.0;0;flat;2.0;Pais Vasco
29776669;36.587852;-4.5317493;48000;28.0;0;flat;3.0;Andalucia
29576186;37.2717712;-7.0207796;38000;28.0;0;countryHouse;0.0;Andalucia
29602260;37.4000968;-5.9945854;58000;28.0;0;flat;2.0;Andalucia
27453688;41.8793999;2.50829;37500;28.0;0;premise;0.0;Cataluña
29537000;37.9834187;-0.6634239;32000;28.0;0;flat;5.0;Valencia
29356066;42.33586;-3.71631;34700;28.0;0;premise;2.0;Castilla-Leon
29360606;42.3309183;-3.7011137;26600;28.0;0;premise;2.0;Castilla-Leon
27079793;43.3154692;-1.9167892;46000;28.0;0;flat;3.0;Pais Vasco
29347820;37.980733;-0.67007;33000;28.0;0;flat;4.0;Valencia
28748691;42.230349;-8.7088661;45000;28.0;0;flat;5.0;Galicia
28898177;43.2522145;-2.9494432;75000;28.0;0;premise;2.0;Pais Vasco
29481241;36.7452975;-6.4295575;64840;28.0;0;flat;4.0;Andalucia
29385576;37.4008605;-5.9965639;58000;28.0;0;flat;2.0;Andalucia
26310722;37.9817796;-0.6815469;29990;28.0;0;flat;6.0;Valencia
29177269;36.5972327;-4.5289444;49000;28.0;0;flat;2.0;Andalucia
29650345;40.3755116;-3.621175;75000;28.0;0;flat;2.0;Madrid
29459457;39.8171806;-0.428461;25000;28.0;0;flat;3.0;Valencia
25719472;43.2697383;-2.941929;70000;28.0;0;office;5.0;Pais Vasco
28180197;40.4380129;-3.6656677;65000;28.0;0;office;2.0;Madrid
27023994;37.8860638;-4.7742468;45000;28.0;0;premise;2.0;Andalucia
27595894;36.5894453;-4.5376955;60000;28.0;0;flat;9.0;Andalucia
28445756;36.5860149;-4.5345458;69000;28.0;0;flat;9.0;Andalucia
27595895;36.5853149;-4.5311458;69000;28.0;0;flat;11.0;
29711916;39.5263479;2.5422849;50000;28.0;0;flat;6.0;Baleares
27412845;37.186355;-3.6012103;60000;28.0;0;flat;2.0;Andalucia
29587020;40.4271459;-3.7008034;90000;28.0;0;flat;5.0;Madrid
28018097;39.5205178;2.4665247;49875;28.0;0;flat;3.0;
28481878;40.4260826;-3.6959122;114000;28.0;0;flat;7.0;Madrid
29108362;41.1598892;1.1147671;20000;28.0;0;premise;2.0;Cataluña
28707172;41.6390991;-0.914509;60000;28.0;0;premise;2.0;Aragon
29108478;40.4582122;-3.6471869;32600;28.0;0;premise;2.0;Madrid
27706149;40.4279459;-3.7008034;99000;28.0;0;flat;5.0;Madrid
28630406;40.4346436;-3.7041316;70000;28.0;0;office;2.0;Madrid
28987454;40.4248459;-3.7024034;88000;28.0;0;flat;5.0;Madrid
2295219;42.0066261;-4.5309927;51000;28.0;0;premise;2.0;Castilla-Leon
25056080;42.0298064;-4.5332175;41200;28.0;0;flat;3.0;Castilla-Leon
27686652;43.3159488;-1.9790466;225000;28.0;0;premise;2.0;Pais Vasco
26745363;42.2352964;-8.7085892;55000;28.0;0;flat;5.0;Galicia
27624119;36.7029;-2.79014;34200;28.0;0;flat;6.0;Andalucia
29786903;36.70115;-2.78149;43000;28.0;0;flat;5.0;Andalucia
29812721;40.4028321;-3.7034994;72000;28.0;0;flat;3.0;Madrid
29705581;38.0091403;-0.660757;31000;28.0;0;flat;5.0;Valencia
29023101;41.4352853;2.1760652;70000;28.01;0;office;2.0;Cataluña
25447273;41.2681883;1.9508277;69000;29.0;0;flat;2.0;Cataluña
29617563;28.3917828;-16.5255443;34000;29.0;0;premise;0.0;Canarias
28809578;37.18048;-6.96575;85000;29.0;0;premise;0.0;Andalucia
29226612;36.4971099;-4.9746688;59850;29.0;0;flat;2.0;Andalucia
29172600;37.3545596;-6.1402019;25400;29.0;0;office;0.0;Andalucia
27826695;39.4985827;-0.3913229;44308;29.0;0;office;0.0;Valencia
28103315;43.2856265;-8.2129193;25000;29.0;0;premise;2.0;Galicia
27359055;42.2430241;3.1317494;94000;29.0;0;flat;5.0;Cataluña
28557686;37.8932547;-4.7652384;36600;29.0;0;premise;2.0;Andalucia
29175674;37.9816666;-0.674517;44000;29.0;0;flat;2.0;Valencia
29556653;43.2559399;-2.9376696;220000;29.0;0;premise;2.0;Pais Vasco
1292803;42.2505564;3.1224488;70000;29.0;0;flat;3.0;Cataluña
29823204;37.2788015;-5.9193007;52141;29.0;0;flat;4.0;Andalucia
29080794;36.6986088;-2.7886571;34200;29.0;0;flat;6.0;Andalucia
28570970;37.8912547;-4.7670384;36600;29.0;0;premise;3.0;Andalucia
28969729;43.2780998;-2.959383;52000;29.0;0;premise;3.0;Pais Vasco
29233502;39.1451656;-0.4340024;40000;29.0;0;premise;3.0;Valencia
28969460;41.3394756;2.045489;43000;29.0;0;premise;3.0;Cataluña
27625375;39.15359;-0.44136;25000;29.0;0;premise;2.0;Valencia
28860055;40.4220216;-3.6983298;140000;29.0;0;flat;4.0;Madrid
29482984;43.3306658;-3.0367638;88000;29.0;0;premise;0.0;Pais Vasco
29515336;36.78248;-4.11095;32000;29.0;0;office;3.0;Andalucia
28408186;39.5376996;2.5921078;102260;29.0;0;flat;4.0;
28594273;37.8952547;-4.7633384;36600;29.0;0;premise;2.0;Andalucia
28274037;36.6446776;-4.489455;53000;29.0;0;flat;4.0;Andalucia
27276264;43.2713981;-2.9294524;44700;29.0;0;premise;2.0;Pais Vasco
29782806;39.4809341;-0.3625039;60000;29.0;0;premise;2.0;Valencia
29431918;42.5741593;-2.8469347;65200;29.0;0;premise;2.0;La Rioja
29476929;40.4419717;-3.6731076;38630;29.0;0;premise;2.0;Madrid
29527470;40.4438498;-3.6698662;78000;29.0;0;premise;2.0;Madrid
29133688;40.411195;-3.7180148;100000;29.0;0;flat;7.0;Madrid
29506298;40.4589122;-3.6451869;32600;29.0;0;premise;2.0;Madrid
27069052;43.4195803;-2.7215695;62000;29.0;0;premise;2.0;Pais Vasco
25259405;43.3680201;-2.6944477;66000;29.0;0;premise;2.0;Pais Vasco
29540440;36.7256238;-4.4214604;9500;29.0;0;premise;1.0;Andalucia
29816007;36.6837814;-4.4480773;73000;29.0;0;flat;2.0;Andalucia
29230997;41.3850858;2.1784068;55000;29.0;0;premise;2.0;Cataluña
27420047;41.6462656;-0.8659182;53000;29.0;0;premise;2.0;Aragon
27924773;36.6994031;-2.7782719;30000;29.0;0;flat;4.0;Andalucia
26985572;36.5763327;-4.611869;41000;29.0;0;flat;11.0;Andalucia
28696420;37.3988396;-5.9986485;60000;29.0;0;premise;2.0;Andalucia
29023105;41.4352853;2.1760652;75000;29.05;0;office;2.0;Cataluña
25845819;41.001895;0.9286777;55000;30.0;0;flat;6.0;Cataluña
27160696;42.5695207;-0.5509251;60000;30.0;0;flat;9.0;Aragon
25931045;42.5709166;-0.5450554;59680;30.0;0;flat;3.0;Aragon
27641239;41.70078;2.84828;68000;30.0;0;flat;6.0;Cataluña
26866876;40.780209;-4.2122096;39000;30.0;0;flat;5.0;Castilla-Leon
26554962;41.9962103;-1.6810618;26000;30.0;0;premise;2.0;Navarra
1245255;42.36718;3.16022;80000;30.0;0;flat;3.0;Cataluña
29640823;43.2958726;-2.9974779;24200;30.0;0;premise;0.0;Pais Vasco
29726394;37.3781593;-5.9713595;96000;30.0;0;flat;5.0;Andalucia
28541175;28.002979;-15.41442;22316;30.0;0;premise;0.0;Canarias
29731825;36.7108474;-4.4265786;57750;30.0;0;office;3.0;Andalucia
29740502;40.4327496;-3.7157802;120000;30.0;0;flat;2.0;Madrid
28477075;42.1114283;-8.8352174;129910;30.0;0;flat;6.0;Galicia
29319820;41.887358;2.881362;27300;30.0;0;premise;0.0;Cataluña
29172595;37.3545596;-6.1402019;26300;30.0;0;office;0.0;Andalucia
28707180;36.4664954;-5.0436245;62000;30.0;0;flat;0.0;Andalucia
28863215;37.942703;-0.720516;40000;30.0;0;flat;0.0;Valencia
28724922;40.5339995;-3.6297723;650000;30.0;0;office;0.0;Madrid
2246405;43.2917992;-2.9779327;61000;30.0;0;premise;2.0;Pais Vasco
1504253;42.587859;1.6886711;58000;30.0;0;flat;6.0;
29590519;37.9700449;-0.700767;36000;30.0;0;flat;2.0;Valencia
29544878;37.983676;-0.675703;29900;30.0;0;flat;0.0;Valencia
27686522;40.4711496;-3.5830007;120000;30.0;0;premise;2.0;Madrid
27647115;36.2501242;-5.9681817;55000;30.0;0;flat;2.0;Andalucia
28273427;39.5541951;2.6213793;90000;30.0;0;flat;3.0;Baleares
29653905;41.08442;1.18727;44000;30.0;0;flat;4.0;Cataluña
28048135;38.6472812;0.0554891;25000;30.0;0;premise;3.0;Valencia
2250707;37.7722608;-3.7944935;15000;30.0;0;premise;0.0;Andalucia
29028128;37.23532;-7.10225;66800;30.0;0;premise;0.0;Andalucia
25492324;39.4182872;-0.7907959;12000;30.0;0;countryHouse;0.0;Valencia
2333146;40.3747747;-3.7759481;35000;30.0;0;premise;2.0;Madrid
29755827;40.37512;-3.77596;59000;30.0;0;flat;2.0;Madrid
29755785;40.3736816;-3.7687284;69000;30.0;0;flat;2.0;Madrid
1220073;40.4469973;-3.7065771;96000;30.0;0;flat;2.0;Madrid
28455824;38.5327748;-0.1592001;65000;30.0;0;flat;5.0;Valencia
26511896;42.5413507;1.5158888;87000;30.0;0;flat;5.0;
26511949;42.5373549;1.5724339;102000;30.0;0;flat;5.0;
29825543;39.5529363;2.61262;43000;30.0;0;flat;9.0;Baleares
28961044;39.5557515;2.6079053;80000;30.0;0;flat;12.0;Baleares
29202457;36.5912914;-4.5284777;59000;30.0;0;flat;3.0;Andalucia
25715790;42.3398326;-3.7376024;19500;30.0;0;premise;2.0;Castilla-Leon
29940708;40.3801764;-3.7715682;45000;30.0;0;premise;2.0;Madrid
29575037;36.7221821;-4.3818473;62000;30.0;0;flat;0.0;Andalucia
29191393;38.97269;-0.18144;29000;30.0;0;flat;8.0;Valencia
26378267;40.3329589;-3.8638484;11500;30.0;0;premise;2.0;Madrid
28898921;43.2595069;-2.9346507;69000;30.0;0;office;12.0;Pais Vasco
27133699;42.8122445;-1.6352271;95000;30.0;0;premise;2.0;Navarra
2291687;41.78644;3.0384;63000;30.0;0;premise;2.0;Cataluña
29534601;43.2562088;-2.9346303;80000;30.0;0;premise;2.0;Pais Vasco
28243549;43.4208248;-2.7285756;42000;30.0;0;premise;0.0;Pais Vasco
26337443;41.6122442;2.6637702;66000;30.0;0;premise;2.0;
28803751;38.5418105;-0.1022502;66000;30.0;0;flat;0.0;Valencia
27907368;41.2392121;1.813635;95000;30.0;0;flat;5.0;Cataluña
29227184;42.5725406;-0.5476037;55000;30.0;0;flat;7.0;Aragon
29559112;37.9826275;-0.6627189;32800;30.0;0;flat;5.0;Valencia
29496637;38.5388212;-0.1245005;56000;30.0;0;flat;1.0;Valencia
27408308;38.5323791;-0.1085623;69000;30.0;0;flat;4.0;Valencia
1370054;38.5338629;-0.1570681;105000;30.0;0;flat;0.0;Valencia
1370051;38.5416854;-0.1262149;118000;30.0;0;flat;0.0;Valencia
29557181;38.5414212;-0.1245005;50000;30.0;0;flat;2.0;Valencia
1370056;38.5346111;-0.1048522;100000;30.0;0;flat;0.0;Valencia
26572736;38.5402995;-0.1291247;95000;30.0;0;flat;0.0;Valencia
26246128;42.8238204;-1.6612895;30000;30.0;0;premise;2.0;Navarra
28999067;36.7289638;-3.9583965;45000;30.0;0;flat;3.0;Andalucia
27491825;37.980733;-0.67007;34840;30.0;0;flat;4.0;Valencia
26987645;40.1998041;-3.8476714;34000;30.0;0;premise;2.0;Madrid
29731773;41.3650494;2.0138543;26000;30.0;0;premise;2.0;Cataluña
27326356;41.8687716;-0.7874393;43000;30.0;0;flat;5.0;Aragon
28722179;43.3112756;-1.9930042;25000;30.0;0;premise;1.0;Pais Vasco
29533106;36.595616;-4.5247351;66000;30.0;0;flat;4.0;Andalucia
29707530;41.290086;1.9808581;24000;30.0;0;premise;3.0;Cataluña
27175935;41.5769057;1.6181577;26350;30.0;0;premise;2.0;Cataluña
29383896;40.3200782;-3.8682426;23112;30.0;0;premise;2.0;Madrid
27646129;42.1871565;2.4985293;103722;30.0;0;premise;2.0;Cataluña
25618253;39.8935602;-0.0819594;21000;30.0;0;premise;3.0;Valencia
27175934;41.4141565;2.1714205;67930;30.0;0;premise;2.0;Cataluña
25817453;39.5126242;2.536469;23360;30.0;0;premise;2.0;Baleares
27190637;27.9117573;-15.4112748;22316;30.0;0;premise;3.0;Canarias
29322394;42.4899132;-2.5215909;29546;30.0;0;premise;2.0;La Rioja
26370169;41.4926127;2.1397548;42500;30.0;0;premise;2.0;Cataluña
28303899;41.6369202;-4.7357528;29000;30.0;0;premise;3.0;Castilla-Leon
26436657;41.4558617;2.2192013;20923;30.0;0;premise;2.0;Cataluña
29407425;39.8894672;-0.0921959;80000;30.0;0;premise;3.0;Valencia
28303902;41.6329202;-4.7382528;29000;30.0;0;premise;3.0;Castilla-Leon
28303898;41.6329202;-4.7357528;29000;30.0;0;premise;3.0;Castilla-Leon
27922822;41.884586;2.8801414;27300;30.0;0;premise;2.0;Cataluña
28116132;36.140888;-5.4605982;31400;30.0;0;premise;2.0;Andalucia
27168395;37.770459;-3.7967984;15000;30.0;0;premise;3.0;Andalucia
26885796;36.4224081;-6.1490983;48000;30.0;0;premise;3.0;Andalucia
27175269;28.9596083;-13.5556864;48323;30.0;0;office;4.0;
27175270;28.9621083;-13.5593864;48323;30.0;0;office;3.0;Canarias
28613344;37.9827003;-0.6800233;39000;30.0;0;flat;3.0;Valencia
28486882;43.3167473;-1.9856534;100000;30.0;0;office;3.0;Pais Vasco
29197533;37.9830148;-0.6677797;25000;30.0;0;flat;3.0;Valencia
27554722;37.9735612;-0.6951123;27000;30.0;0;flat;5.0;Valencia
29212200;37.9831494;-0.6661471;25000;30.0;0;flat;4.0;Valencia
29084417;38.9979618;-3.9246806;49500;30.0;0;flat;4.0;Castilla-La Mancha
28680953;36.5977014;-4.5261634;46000;30.0;0;flat;6.0;Andalucia
29534385;38.0227195;-0.6957179;23900;30.0;0;flat;2.0;Valencia
29454329;43.31825;-8.36909;55000;30.0;0;premise;2.0;Galicia
29133769;39.5694918;2.6509167;112000;30.0;0;flat;6.0;Baleares
29659263;36.8446113;-2.4577203;27000;30.0;0;premise;2.0;Andalucia
29260057;37.1755945;-3.6054143;59000;30.0;0;flat;4.0;Andalucia
29646016;42.0593345;-1.6084694;29000;30.0;0;premise;2.0;Navarra
28540782;40.4288459;-3.7045034;80000;30.0;0;flat;5.0;Madrid
27519184;42.6320711;0.2188026;36000;30.0;0;house;0.0;Aragon
29176503;36.7394655;-2.6214337;32200;30.0;0;flat;3.0;Andalucia
29065719;40.4334815;-3.664615;65000;30.0;0;premise;2.0;Madrid
29671012;28.4139638;-16.5564232;37000;30.0;0;flat;5.0;Canarias
29691973;28.4164673;-16.5530993;31000;30.0;0;flat;5.0;Canarias
28872129;38.5458925;-0.1237867;53000;30.0;0;flat;4.0;Valencia
27702231;40.9529826;-4.112067;37000;30.0;0;flat;3.0;Castilla-Leon
29465922;43.2141367;-3.1369665;43000;30.0;0;premise;2.0;Pais Vasco
29285192;38.53641;-0.1102874;72000;30.0;0;flat;0.0;Valencia
27524921;38.5398972;-0.1346215;66000;30.0;0;flat;3.0;Valencia
26719961;42.2465299;3.1205655;60000;30.0;0;flat;4.0;Cataluña
27667979;43.3743369;-1.772681;105000;30.0;0;flat;3.0;
29066645;39.5677248;2.648599;112000;30.0;0;flat;6.0;Baleares
28750670;39.5561077;2.6125492;60600;30.0;0;flat;12.0;Baleares
26962274;42.5721217;-0.5486834;57000;30.0;0;flat;;Aragon
28341601;41.3992492;2.1788631;60000;30.0;0;premise;2.0;Cataluña
28341605;41.4260126;2.1892002;45000;30.0;0;premise;2.0;Cataluña
28861110;37.0184448;-6.5523729;62000;30.0;0;flat;6.0;Andalucia
29941707;36.6269007;-4.5023815;25000;30.0;0;flat;4.0;Andalucia
29637988;36.6269007;-4.5023815;30000;30.0;0;flat;12.0;Andalucia
26509053;41.3810032;2.1661651;130000;30.0;0;premise;2.0;Cataluña
28672477;41.4019814;2.1359889;110000;30.0;0;premise;2.0;Cataluña
29466778;40.60373;-6.5265765;18000;30.0;0;premise;2.0;Castilla-Leon
28560218;36.5058994;-4.6774844;99000;30.0;0;flat;12.0;Andalucia
29833316;43.3191603;-1.9710992;98000;30.0;0;flat;2.0;Pais Vasco
27453733;36.4204081;-6.1504983;48000;30.0;0;premise;0.0;Andalucia
29320574;37.9836862;-0.6897864;41000;30.0;0;flat;4.0;Valencia
25648050;39.5688237;2.6505989;100000;30.0;0;office;5.0;Baleares
29754717;37.3916817;-5.992094;99000;30.0;0;flat;2.0;Andalucia
29754715;37.3925817;-5.994094;107000;30.0;0;flat;4.0;Andalucia
26709370;43.37037;-1.772335;133000;30.0;0;flat;4.0;
28664331;42.3416197;-3.7331679;25000;30.0;0;premise;2.0;Castilla-Leon
28274025;41.9887342;2.8244727;77000;30.0;0;flat;4.0;Cataluña
26339048;43.3504021;-3.0119732;85000;30.0;0;office;7.0;Pais Vasco
29444050;37.9855451;-0.6789946;31000;30.0;0;flat;5.0;Valencia
29696907;40.4129117;-3.7020487;78000;30.0;0;office;10.0;Madrid
29694669;27.7603254;-15.6817682;115000;30.0;0;flat;6.0;Canarias
27443436;27.7638277;-15.6827604;115000;30.0;0;flat;6.0;Canarias
29054456;36.6038458;-4.5206901;46000;30.0;0;flat;4.0;Andalucia
29175058;41.08437;1.18333;37000;30.0;0;flat;8.0;Cataluña
28835101;41.0808;1.18594;49000;30.0;0;flat;3.0;Cataluña
29832912;39.469493;-6.3746032;103000;30.0;0;premise;2.0;Extremadura
27743927;36.6321502;-4.4982103;38000;30.0;0;flat;7.0;Andalucia
29782155;36.6271007;-4.5003815;37000;30.0;0;flat;12.0;Andalucia
29744920;36.5971876;-4.5319272;50200;30.0;0;flat;5.0;Andalucia
29707521;36.6289007;-4.5011815;36500;30.0;0;flat;8.0;Andalucia
28701085;36.6271007;-4.5003815;31800;30.0;0;flat;11.0;Andalucia
484251;43.5339321;-7.0459252;37000;30.0;0;flat;9.0;Galicia
29576204;39.4655732;3.2805261;34000;30.0;0;flat;3.0;Baleares
28870001;38.3564874;-0.4842413;16000;30.0;0;premise;2.0;Valencia
28895968;43.2655548;-2.9276337;113000;30.0;0;premise;2.0;Pais Vasco
28897904;43.265942;-2.922275;30000;30.0;0;premise;2.0;Pais Vasco
28897209;43.2718494;-2.9720872;51100;30.0;0;premise;2.0;Pais Vasco
28320991;40.4773441;-3.7048011;69000;30.0;0;premise;2.0;Madrid
25433316;37.3896802;-5.9933933;99000;30.0;0;flat;3.0;Andalucia
28891113;39.5261306;-0.3540327;38000;30.0;0;premise;2.0;Valencia
28603013;40.3988562;-3.7355156;57200;30.0;0;flat;2.0;Madrid
29412833;41.08587;1.18333;46000;30.0;0;flat;8.0;Cataluña
29412640;41.08552;1.18727;49000;30.0;0;flat;6.0;Cataluña
27182891;41.0866384;1.1848378;38000;30.0;0;flat;8.0;Cataluña
28895214;43.24498;-2.9274551;70000;30.0;0;premise;2.0;Pais Vasco
28900223;43.2837811;-2.9621504;60000;30.0;0;premise;2.0;Pais Vasco
26209897;40.4348139;-3.7139432;104000;30.0;0;premise;2.0;Madrid
29775989;28.1476391;-15.4321292;66000;30.0;0;flat;0.0;Canarias
27768837;38.5440546;-0.1303607;24000;30.0;0;flat;6.0;Valencia
29398490;38.1900374;-0.5618955;29000;30.0;0;flat;3.0;Valencia
28016852;36.6024878;-6.2509169;48000;30.0;0;premise;2.0;Andalucia
28795047;28.0509043;-16.7156855;28800;30.0;0;premise;0.0;Canarias
28054022;39.4967108;-0.3959013;30000;30.0;0;premise;2.0;Valencia
26244367;27.7844168;-15.7180156;75000;30.0;0;flat;7.0;Canarias
27187457;42.8473341;-2.6717197;72100;30.0;0;flat;3.0;Pais Vasco
29688766;37.1844226;-3.6024119;60000;30.0;0;flat;2.0;Andalucia
29445728;42.5801488;1.6511742;59000;30.0;0;flat;3.0;
29445462;42.5801488;1.6511742;56000;30.0;0;flat;3.0;
28301550;42.5338309;1.6085098;57750;30.0;0;flat;4.0;
28992379;36.5282004;-6.2976817;53000;30.0;0;flat;4.0;Andalucia
29126097;36.5972963;-4.5289393;48000;30.0;0;flat;7.0;Andalucia
29305856;36.4997467;-6.272711;85000;30.0;0;flat;2.0;Andalucia
28454392;42.2334396;-8.7138442;88000;30.0;0;flat;4.0;Galicia
27904139;43.3243134;-1.9758694;90000;30.0;0;premise;2.0;Pais Vasco
27570173;43.3402906;-1.7813569;39500;30.0;0;office;2.0;Pais Vasco
29799339;36.5970876;-4.5299272;45000;30.0;0;flat;6.0;Andalucia
28940419;36.5991175;-4.5306186;62000;30.0;0;flat;7.0;Andalucia
29466215;40.4478644;-3.7010487;49000;30.0;0;flat;5.0;Madrid
27317439;36.2547161;-5.9645352;24000;30.0;0;flat;0.0;Andalucia
29128590;42.0119309;-4.5337628;63000;30.0;0;office;5.0;Castilla-Leon
29196183;43.3192413;-1.9823271;125000;30.0;0;office;8.0;Pais Vasco
29292402;36.5941773;-4.5279039;73000;30.0;0;flat;7.0;Andalucia
27838346;28.1381346;-15.434091;72000;30.0;0;flat;6.0;Canarias
27179328;41.4237627;2.1882691;45000;30.0;0;premise;2.0;Cataluña
29492036;41.7015558;2.846608;43000;30.0;0;flat;2.0;Cataluña
27594800;41.6672546;2.7823781;75000;30.0;0;flat;9.0;Cataluña
